[
    {
        "dia_semana":"domingo",
        "province":"Albacete",
        "num_def":0,
        "new_cases":0,
        "num_hosp":5,
        "num_uci":1
    },
    {
        "dia_semana":"domingo",
        "province":"Alicante\/Alacant",
        "num_def":2,
        "new_cases":72,
        "num_hosp":2,
        "num_uci":0
    },
    {
        "dia_semana":"domingo",
        "province":"Almer\u00eda",
        "num_def":1,
        "new_cases":0,
        "num_hosp":9,
        "num_uci":1
    },
    {
        "dia_semana":"domingo",
        "province":"Araba\/\u00c1lava",
        "num_def":1,
        "new_cases":57,
        "num_hosp":0,
        "num_uci":0
    },
    {
        "dia_semana":"domingo",
        "province":"Asturias",
        "num_def":2,
        "new_cases":97,
        "num_hosp":10,
        "num_uci":0
    },
    {
        "dia_semana":"domingo",
        "province":"Badajoz",
        "num_def":0,
        "new_cases":63,
        "num_hosp":6,
        "num_uci":2
    },
    {
        "dia_semana":"domingo",
        "province":"Balears, Illes",
        "num_def":2,
        "new_cases":0,
        "num_hosp":2,
        "num_uci":1
    },
    {
        "dia_semana":"domingo",
        "province":"Barcelona",
        "num_def":6,
        "new_cases":0,
        "num_hosp":55,
        "num_uci":5
    },
    {
        "dia_semana":"domingo",
        "province":"Bizkaia",
        "num_def":3,
        "new_cases":451,
        "num_hosp":15,
        "num_uci":1
    },
    {
        "dia_semana":"domingo",
        "province":"Burgos",
        "num_def":1,
        "new_cases":81,
        "num_hosp":12,
        "num_uci":2
    },
    {
        "dia_semana":"domingo",
        "province":"Cantabria",
        "num_def":0,
        "new_cases":0,
        "num_hosp":13,
        "num_uci":1
    },
    {
        "dia_semana":"domingo",
        "province":"Castell\u00f3n\/Castell\u00f3",
        "num_def":1,
        "new_cases":46,
        "num_hosp":3,
        "num_uci":0
    },
    {
        "dia_semana":"domingo",
        "province":"Ceuta",
        "num_def":1,
        "new_cases":1,
        "num_hosp":1,
        "num_uci":0
    },
    {
        "dia_semana":"domingo",
        "province":"Ciudad Real",
        "num_def":0,
        "new_cases":0,
        "num_hosp":6,
        "num_uci":0
    },
    {
        "dia_semana":"domingo",
        "province":"Coru\u00f1a, A",
        "num_def":0,
        "new_cases":0,
        "num_hosp":13,
        "num_uci":3
    },
    {
        "dia_semana":"domingo",
        "province":"Cuenca",
        "num_def":0,
        "new_cases":0,
        "num_hosp":2,
        "num_uci":0
    },
    {
        "dia_semana":"domingo",
        "province":"C\u00e1ceres",
        "num_def":1,
        "new_cases":34,
        "num_hosp":1,
        "num_uci":0
    },
    {
        "dia_semana":"domingo",
        "province":"C\u00e1diz",
        "num_def":2,
        "new_cases":0,
        "num_hosp":8,
        "num_uci":0
    },
    {
        "dia_semana":"domingo",
        "province":"C\u00f3rdoba",
        "num_def":4,
        "new_cases":0,
        "num_hosp":18,
        "num_uci":5
    },
    {
        "dia_semana":"domingo",
        "province":"Gipuzkoa",
        "num_def":2,
        "new_cases":301,
        "num_hosp":0,
        "num_uci":0
    },
    {
        "dia_semana":"domingo",
        "province":"Girona",
        "num_def":2,
        "new_cases":0,
        "num_hosp":0,
        "num_uci":0
    },
    {
        "dia_semana":"domingo",
        "province":"Granada",
        "num_def":5,
        "new_cases":0,
        "num_hosp":21,
        "num_uci":2
    },
    {
        "dia_semana":"domingo",
        "province":"Guadalajara",
        "num_def":2,
        "new_cases":0,
        "num_hosp":0,
        "num_uci":0
    },
    {
        "dia_semana":"domingo",
        "province":"Huelva",
        "num_def":2,
        "new_cases":0,
        "num_hosp":15,
        "num_uci":0
    },
    {
        "dia_semana":"domingo",
        "province":"Huesca",
        "num_def":0,
        "new_cases":46,
        "num_hosp":4,
        "num_uci":0
    },
    {
        "dia_semana":"domingo",
        "province":"Ja\u00e9n",
        "num_def":3,
        "new_cases":0,
        "num_hosp":21,
        "num_uci":1
    },
    {
        "dia_semana":"domingo",
        "province":"Le\u00f3n",
        "num_def":1,
        "new_cases":66,
        "num_hosp":12,
        "num_uci":2
    },
    {
        "dia_semana":"domingo",
        "province":"Lleida",
        "num_def":0,
        "new_cases":0,
        "num_hosp":1,
        "num_uci":0
    },
    {
        "dia_semana":"domingo",
        "province":"Lugo",
        "num_def":1,
        "new_cases":0,
        "num_hosp":2,
        "num_uci":1
    },
    {
        "dia_semana":"domingo",
        "province":"Madrid",
        "num_def":9,
        "new_cases":0,
        "num_hosp":208,
        "num_uci":21
    },
    {
        "dia_semana":"domingo",
        "province":"Melilla",
        "num_def":0,
        "new_cases":0,
        "num_hosp":5,
        "num_uci":0
    },
    {
        "dia_semana":"domingo",
        "province":"Murcia",
        "num_def":1,
        "new_cases":107,
        "num_hosp":15,
        "num_uci":1
    },
    {
        "dia_semana":"domingo",
        "province":"M\u00e1laga",
        "num_def":2,
        "new_cases":0,
        "num_hosp":19,
        "num_uci":2
    },
    {
        "dia_semana":"domingo",
        "province":"Navarra",
        "num_def":2,
        "new_cases":0,
        "num_hosp":10,
        "num_uci":1
    },
    {
        "dia_semana":"domingo",
        "province":"Ourense",
        "num_def":0,
        "new_cases":0,
        "num_hosp":2,
        "num_uci":0
    },
    {
        "dia_semana":"domingo",
        "province":"Palencia",
        "num_def":0,
        "new_cases":35,
        "num_hosp":5,
        "num_uci":0
    },
    {
        "dia_semana":"domingo",
        "province":"Palmas, Las",
        "num_def":3,
        "new_cases":92,
        "num_hosp":7,
        "num_uci":1
    },
    {
        "dia_semana":"domingo",
        "province":"Pontevedra",
        "num_def":0,
        "new_cases":0,
        "num_hosp":8,
        "num_uci":2
    },
    {
        "dia_semana":"domingo",
        "province":"Rioja, La",
        "num_def":2,
        "new_cases":0,
        "num_hosp":8,
        "num_uci":0
    },
    {
        "dia_semana":"domingo",
        "province":"Salamanca",
        "num_def":0,
        "new_cases":43,
        "num_hosp":4,
        "num_uci":0
    },
    {
        "dia_semana":"domingo",
        "province":"Santa Cruz de Tenerife",
        "num_def":3,
        "new_cases":150,
        "num_hosp":6,
        "num_uci":1
    },
    {
        "dia_semana":"domingo",
        "province":"Segovia",
        "num_def":1,
        "new_cases":23,
        "num_hosp":1,
        "num_uci":0
    },
    {
        "dia_semana":"domingo",
        "province":"Sevilla",
        "num_def":8,
        "new_cases":0,
        "num_hosp":56,
        "num_uci":7
    },
    {
        "dia_semana":"domingo",
        "province":"Soria",
        "num_def":0,
        "new_cases":14,
        "num_hosp":0,
        "num_uci":0
    },
    {
        "dia_semana":"domingo",
        "province":"Tarragona",
        "num_def":1,
        "new_cases":0,
        "num_hosp":3,
        "num_uci":0
    },
    {
        "dia_semana":"domingo",
        "province":"Teruel",
        "num_def":0,
        "new_cases":10,
        "num_hosp":2,
        "num_uci":1
    },
    {
        "dia_semana":"domingo",
        "province":"Toledo",
        "num_def":2,
        "new_cases":0,
        "num_hosp":20,
        "num_uci":0
    },
    {
        "dia_semana":"domingo",
        "province":"Valencia\/Val\u00e8ncia",
        "num_def":0,
        "new_cases":134,
        "num_hosp":9,
        "num_uci":2
    },
    {
        "dia_semana":"domingo",
        "province":"Valladolid",
        "num_def":2,
        "new_cases":64,
        "num_hosp":8,
        "num_uci":1
    },
    {
        "dia_semana":"domingo",
        "province":"Zamora",
        "num_def":0,
        "new_cases":20,
        "num_hosp":5,
        "num_uci":0
    },
    {
        "dia_semana":"domingo",
        "province":"Zaragoza",
        "num_def":11,
        "new_cases":259,
        "num_hosp":26,
        "num_uci":1
    },
    {
        "dia_semana":"domingo",
        "province":"\u00c1vila",
        "num_def":1,
        "new_cases":17,
        "num_hosp":2,
        "num_uci":0
    },
    {
        "dia_semana":"jueves",
        "province":"Albacete",
        "num_def":0,
        "new_cases":0,
        "num_hosp":1,
        "num_uci":0
    },
    {
        "dia_semana":"jueves",
        "province":"Alicante\/Alacant",
        "num_def":0,
        "new_cases":33,
        "num_hosp":3,
        "num_uci":0
    },
    {
        "dia_semana":"jueves",
        "province":"Almer\u00eda",
        "num_def":1,
        "new_cases":0,
        "num_hosp":6,
        "num_uci":3
    },
    {
        "dia_semana":"jueves",
        "province":"Araba\/\u00c1lava",
        "num_def":0,
        "new_cases":31,
        "num_hosp":0,
        "num_uci":0
    },
    {
        "dia_semana":"jueves",
        "province":"Asturias",
        "num_def":3,
        "new_cases":51,
        "num_hosp":2,
        "num_uci":0
    },
    {
        "dia_semana":"jueves",
        "province":"Badajoz",
        "num_def":0,
        "new_cases":22,
        "num_hosp":3,
        "num_uci":1
    },
    {
        "dia_semana":"jueves",
        "province":"Balears, Illes",
        "num_def":0,
        "new_cases":0,
        "num_hosp":2,
        "num_uci":0
    },
    {
        "dia_semana":"jueves",
        "province":"Barcelona",
        "num_def":4,
        "new_cases":0,
        "num_hosp":23,
        "num_uci":5
    },
    {
        "dia_semana":"jueves",
        "province":"Bizkaia",
        "num_def":4,
        "new_cases":236,
        "num_hosp":15,
        "num_uci":1
    },
    {
        "dia_semana":"jueves",
        "province":"Burgos",
        "num_def":0,
        "new_cases":81,
        "num_hosp":5,
        "num_uci":0
    },
    {
        "dia_semana":"jueves",
        "province":"Cantabria",
        "num_def":0,
        "new_cases":0,
        "num_hosp":10,
        "num_uci":5
    },
    {
        "dia_semana":"jueves",
        "province":"Castell\u00f3n\/Castell\u00f3",
        "num_def":2,
        "new_cases":27,
        "num_hosp":0,
        "num_uci":0
    },
    {
        "dia_semana":"jueves",
        "province":"Ceuta",
        "num_def":2,
        "new_cases":0,
        "num_hosp":0,
        "num_uci":0
    },
    {
        "dia_semana":"jueves",
        "province":"Ciudad Real",
        "num_def":0,
        "new_cases":0,
        "num_hosp":2,
        "num_uci":0
    },
    {
        "dia_semana":"jueves",
        "province":"Coru\u00f1a, A",
        "num_def":0,
        "new_cases":0,
        "num_hosp":5,
        "num_uci":0
    },
    {
        "dia_semana":"jueves",
        "province":"Cuenca",
        "num_def":0,
        "new_cases":0,
        "num_hosp":0,
        "num_uci":0
    },
    {
        "dia_semana":"jueves",
        "province":"C\u00e1ceres",
        "num_def":0,
        "new_cases":30,
        "num_hosp":1,
        "num_uci":1
    },
    {
        "dia_semana":"jueves",
        "province":"C\u00e1diz",
        "num_def":1,
        "new_cases":0,
        "num_hosp":6,
        "num_uci":0
    },
    {
        "dia_semana":"jueves",
        "province":"C\u00f3rdoba",
        "num_def":1,
        "new_cases":0,
        "num_hosp":5,
        "num_uci":0
    },
    {
        "dia_semana":"jueves",
        "province":"Gipuzkoa",
        "num_def":2,
        "new_cases":168,
        "num_hosp":0,
        "num_uci":0
    },
    {
        "dia_semana":"jueves",
        "province":"Girona",
        "num_def":3,
        "new_cases":0,
        "num_hosp":0,
        "num_uci":0
    },
    {
        "dia_semana":"jueves",
        "province":"Granada",
        "num_def":0,
        "new_cases":0,
        "num_hosp":19,
        "num_uci":4
    },
    {
        "dia_semana":"jueves",
        "province":"Guadalajara",
        "num_def":0,
        "new_cases":0,
        "num_hosp":0,
        "num_uci":0
    },
    {
        "dia_semana":"jueves",
        "province":"Huelva",
        "num_def":0,
        "new_cases":0,
        "num_hosp":1,
        "num_uci":0
    },
    {
        "dia_semana":"jueves",
        "province":"Huesca",
        "num_def":1,
        "new_cases":15,
        "num_hosp":1,
        "num_uci":0
    },
    {
        "dia_semana":"jueves",
        "province":"Ja\u00e9n",
        "num_def":2,
        "new_cases":0,
        "num_hosp":5,
        "num_uci":5
    },
    {
        "dia_semana":"jueves",
        "province":"Le\u00f3n",
        "num_def":0,
        "new_cases":57,
        "num_hosp":3,
        "num_uci":0
    },
    {
        "dia_semana":"jueves",
        "province":"Lleida",
        "num_def":0,
        "new_cases":0,
        "num_hosp":0,
        "num_uci":0
    },
    {
        "dia_semana":"jueves",
        "province":"Lugo",
        "num_def":0,
        "new_cases":0,
        "num_hosp":3,
        "num_uci":0
    },
    {
        "dia_semana":"jueves",
        "province":"Madrid",
        "num_def":7,
        "new_cases":0,
        "num_hosp":84,
        "num_uci":8
    },
    {
        "dia_semana":"jueves",
        "province":"Melilla",
        "num_def":1,
        "new_cases":0,
        "num_hosp":1,
        "num_uci":0
    },
    {
        "dia_semana":"jueves",
        "province":"Murcia",
        "num_def":0,
        "new_cases":46,
        "num_hosp":4,
        "num_uci":2
    },
    {
        "dia_semana":"jueves",
        "province":"M\u00e1laga",
        "num_def":0,
        "new_cases":0,
        "num_hosp":9,
        "num_uci":1
    },
    {
        "dia_semana":"jueves",
        "province":"Navarra",
        "num_def":1,
        "new_cases":0,
        "num_hosp":5,
        "num_uci":1
    },
    {
        "dia_semana":"jueves",
        "province":"Ourense",
        "num_def":0,
        "new_cases":0,
        "num_hosp":1,
        "num_uci":0
    },
    {
        "dia_semana":"jueves",
        "province":"Palencia",
        "num_def":0,
        "new_cases":30,
        "num_hosp":0,
        "num_uci":0
    },
    {
        "dia_semana":"jueves",
        "province":"Palmas, Las",
        "num_def":0,
        "new_cases":39,
        "num_hosp":7,
        "num_uci":0
    },
    {
        "dia_semana":"jueves",
        "province":"Pontevedra",
        "num_def":0,
        "new_cases":0,
        "num_hosp":2,
        "num_uci":1
    },
    {
        "dia_semana":"jueves",
        "province":"Rioja, La",
        "num_def":0,
        "new_cases":0,
        "num_hosp":2,
        "num_uci":1
    },
    {
        "dia_semana":"jueves",
        "province":"Salamanca",
        "num_def":0,
        "new_cases":21,
        "num_hosp":1,
        "num_uci":0
    },
    {
        "dia_semana":"jueves",
        "province":"Santa Cruz de Tenerife",
        "num_def":1,
        "new_cases":73,
        "num_hosp":5,
        "num_uci":1
    },
    {
        "dia_semana":"jueves",
        "province":"Segovia",
        "num_def":0,
        "new_cases":19,
        "num_hosp":0,
        "num_uci":0
    },
    {
        "dia_semana":"jueves",
        "province":"Sevilla",
        "num_def":3,
        "new_cases":0,
        "num_hosp":25,
        "num_uci":5
    },
    {
        "dia_semana":"jueves",
        "province":"Soria",
        "num_def":0,
        "new_cases":11,
        "num_hosp":0,
        "num_uci":0
    },
    {
        "dia_semana":"jueves",
        "province":"Tarragona",
        "num_def":1,
        "new_cases":0,
        "num_hosp":0,
        "num_uci":0
    },
    {
        "dia_semana":"jueves",
        "province":"Teruel",
        "num_def":0,
        "new_cases":3,
        "num_hosp":0,
        "num_uci":1
    },
    {
        "dia_semana":"jueves",
        "province":"Toledo",
        "num_def":2,
        "new_cases":0,
        "num_hosp":8,
        "num_uci":1
    },
    {
        "dia_semana":"jueves",
        "province":"Valencia\/Val\u00e8ncia",
        "num_def":0,
        "new_cases":67,
        "num_hosp":2,
        "num_uci":0
    },
    {
        "dia_semana":"jueves",
        "province":"Valladolid",
        "num_def":0,
        "new_cases":57,
        "num_hosp":6,
        "num_uci":0
    },
    {
        "dia_semana":"jueves",
        "province":"Zamora",
        "num_def":1,
        "new_cases":36,
        "num_hosp":2,
        "num_uci":0
    },
    {
        "dia_semana":"jueves",
        "province":"Zaragoza",
        "num_def":2,
        "new_cases":146,
        "num_hosp":12,
        "num_uci":0
    },
    {
        "dia_semana":"jueves",
        "province":"\u00c1vila",
        "num_def":0,
        "new_cases":11,
        "num_hosp":0,
        "num_uci":0
    },
    {
        "dia_semana":"lunes",
        "province":"Albacete",
        "num_def":1,
        "new_cases":0,
        "num_hosp":3,
        "num_uci":1
    },
    {
        "dia_semana":"lunes",
        "province":"Alicante\/Alacant",
        "num_def":2,
        "new_cases":107,
        "num_hosp":6,
        "num_uci":0
    },
    {
        "dia_semana":"lunes",
        "province":"Almer\u00eda",
        "num_def":2,
        "new_cases":0,
        "num_hosp":13,
        "num_uci":3
    },
    {
        "dia_semana":"lunes",
        "province":"Araba\/\u00c1lava",
        "num_def":1,
        "new_cases":104,
        "num_hosp":0,
        "num_uci":0
    },
    {
        "dia_semana":"lunes",
        "province":"Asturias",
        "num_def":2,
        "new_cases":107,
        "num_hosp":15,
        "num_uci":5
    },
    {
        "dia_semana":"lunes",
        "province":"Badajoz",
        "num_def":1,
        "new_cases":69,
        "num_hosp":8,
        "num_uci":1
    },
    {
        "dia_semana":"lunes",
        "province":"Balears, Illes",
        "num_def":0,
        "new_cases":0,
        "num_hosp":4,
        "num_uci":1
    },
    {
        "dia_semana":"lunes",
        "province":"Barcelona",
        "num_def":12,
        "new_cases":0,
        "num_hosp":80,
        "num_uci":7
    },
    {
        "dia_semana":"lunes",
        "province":"Bizkaia",
        "num_def":9,
        "new_cases":665,
        "num_hosp":56,
        "num_uci":6
    },
    {
        "dia_semana":"lunes",
        "province":"Burgos",
        "num_def":2,
        "new_cases":194,
        "num_hosp":18,
        "num_uci":4
    },
    {
        "dia_semana":"lunes",
        "province":"Cantabria",
        "num_def":3,
        "new_cases":0,
        "num_hosp":33,
        "num_uci":5
    },
    {
        "dia_semana":"lunes",
        "province":"Castell\u00f3n\/Castell\u00f3",
        "num_def":0,
        "new_cases":56,
        "num_hosp":3,
        "num_uci":0
    },
    {
        "dia_semana":"lunes",
        "province":"Ceuta",
        "num_def":0,
        "new_cases":2,
        "num_hosp":0,
        "num_uci":0
    },
    {
        "dia_semana":"lunes",
        "province":"Ciudad Real",
        "num_def":0,
        "new_cases":0,
        "num_hosp":4,
        "num_uci":0
    },
    {
        "dia_semana":"lunes",
        "province":"Coru\u00f1a, A",
        "num_def":1,
        "new_cases":0,
        "num_hosp":14,
        "num_uci":2
    },
    {
        "dia_semana":"lunes",
        "province":"Cuenca",
        "num_def":0,
        "new_cases":0,
        "num_hosp":0,
        "num_uci":0
    },
    {
        "dia_semana":"lunes",
        "province":"C\u00e1ceres",
        "num_def":1,
        "new_cases":66,
        "num_hosp":3,
        "num_uci":1
    },
    {
        "dia_semana":"lunes",
        "province":"C\u00e1diz",
        "num_def":4,
        "new_cases":0,
        "num_hosp":12,
        "num_uci":1
    },
    {
        "dia_semana":"lunes",
        "province":"C\u00f3rdoba",
        "num_def":0,
        "new_cases":0,
        "num_hosp":15,
        "num_uci":3
    },
    {
        "dia_semana":"lunes",
        "province":"Gipuzkoa",
        "num_def":3,
        "new_cases":474,
        "num_hosp":0,
        "num_uci":0
    },
    {
        "dia_semana":"lunes",
        "province":"Girona",
        "num_def":1,
        "new_cases":0,
        "num_hosp":6,
        "num_uci":0
    },
    {
        "dia_semana":"lunes",
        "province":"Granada",
        "num_def":7,
        "new_cases":0,
        "num_hosp":53,
        "num_uci":8
    },
    {
        "dia_semana":"lunes",
        "province":"Guadalajara",
        "num_def":1,
        "new_cases":0,
        "num_hosp":0,
        "num_uci":0
    },
    {
        "dia_semana":"lunes",
        "province":"Huelva",
        "num_def":0,
        "new_cases":0,
        "num_hosp":8,
        "num_uci":2
    },
    {
        "dia_semana":"lunes",
        "province":"Huesca",
        "num_def":0,
        "new_cases":80,
        "num_hosp":3,
        "num_uci":0
    },
    {
        "dia_semana":"lunes",
        "province":"Ja\u00e9n",
        "num_def":6,
        "new_cases":0,
        "num_hosp":15,
        "num_uci":3
    },
    {
        "dia_semana":"lunes",
        "province":"Le\u00f3n",
        "num_def":0,
        "new_cases":136,
        "num_hosp":12,
        "num_uci":2
    },
    {
        "dia_semana":"lunes",
        "province":"Lleida",
        "num_def":0,
        "new_cases":0,
        "num_hosp":3,
        "num_uci":0
    },
    {
        "dia_semana":"lunes",
        "province":"Lugo",
        "num_def":0,
        "new_cases":0,
        "num_hosp":0,
        "num_uci":0
    },
    {
        "dia_semana":"lunes",
        "province":"Madrid",
        "num_def":37,
        "new_cases":0,
        "num_hosp":332,
        "num_uci":33
    },
    {
        "dia_semana":"lunes",
        "province":"Melilla",
        "num_def":2,
        "new_cases":0,
        "num_hosp":0,
        "num_uci":0
    },
    {
        "dia_semana":"lunes",
        "province":"Murcia",
        "num_def":0,
        "new_cases":144,
        "num_hosp":13,
        "num_uci":2
    },
    {
        "dia_semana":"lunes",
        "province":"M\u00e1laga",
        "num_def":1,
        "new_cases":0,
        "num_hosp":26,
        "num_uci":2
    },
    {
        "dia_semana":"lunes",
        "province":"Navarra",
        "num_def":1,
        "new_cases":0,
        "num_hosp":21,
        "num_uci":1
    },
    {
        "dia_semana":"lunes",
        "province":"Ourense",
        "num_def":0,
        "new_cases":0,
        "num_hosp":1,
        "num_uci":0
    },
    {
        "dia_semana":"lunes",
        "province":"Palencia",
        "num_def":2,
        "new_cases":37,
        "num_hosp":8,
        "num_uci":0
    },
    {
        "dia_semana":"lunes",
        "province":"Palmas, Las",
        "num_def":3,
        "new_cases":145,
        "num_hosp":8,
        "num_uci":1
    },
    {
        "dia_semana":"lunes",
        "province":"Pontevedra",
        "num_def":0,
        "new_cases":0,
        "num_hosp":20,
        "num_uci":3
    },
    {
        "dia_semana":"lunes",
        "province":"Rioja, La",
        "num_def":1,
        "new_cases":0,
        "num_hosp":12,
        "num_uci":0
    },
    {
        "dia_semana":"lunes",
        "province":"Salamanca",
        "num_def":1,
        "new_cases":45,
        "num_hosp":6,
        "num_uci":0
    },
    {
        "dia_semana":"lunes",
        "province":"Santa Cruz de Tenerife",
        "num_def":3,
        "new_cases":135,
        "num_hosp":8,
        "num_uci":2
    },
    {
        "dia_semana":"lunes",
        "province":"Segovia",
        "num_def":0,
        "new_cases":45,
        "num_hosp":4,
        "num_uci":0
    },
    {
        "dia_semana":"lunes",
        "province":"Sevilla",
        "num_def":4,
        "new_cases":0,
        "num_hosp":51,
        "num_uci":9
    },
    {
        "dia_semana":"lunes",
        "province":"Soria",
        "num_def":1,
        "new_cases":26,
        "num_hosp":3,
        "num_uci":0
    },
    {
        "dia_semana":"lunes",
        "province":"Tarragona",
        "num_def":3,
        "new_cases":0,
        "num_hosp":6,
        "num_uci":0
    },
    {
        "dia_semana":"lunes",
        "province":"Teruel",
        "num_def":0,
        "new_cases":24,
        "num_hosp":3,
        "num_uci":0
    },
    {
        "dia_semana":"lunes",
        "province":"Toledo",
        "num_def":4,
        "new_cases":0,
        "num_hosp":15,
        "num_uci":2
    },
    {
        "dia_semana":"lunes",
        "province":"Valencia\/Val\u00e8ncia",
        "num_def":0,
        "new_cases":139,
        "num_hosp":5,
        "num_uci":0
    },
    {
        "dia_semana":"lunes",
        "province":"Valladolid",
        "num_def":3,
        "new_cases":84,
        "num_hosp":14,
        "num_uci":2
    },
    {
        "dia_semana":"lunes",
        "province":"Zamora",
        "num_def":1,
        "new_cases":17,
        "num_hosp":6,
        "num_uci":1
    },
    {
        "dia_semana":"lunes",
        "province":"Zaragoza",
        "num_def":3,
        "new_cases":546,
        "num_hosp":52,
        "num_uci":8
    },
    {
        "dia_semana":"lunes",
        "province":"\u00c1vila",
        "num_def":0,
        "new_cases":30,
        "num_hosp":3,
        "num_uci":1
    },
    {
        "dia_semana":"martes",
        "province":"Albacete",
        "num_def":0,
        "new_cases":0,
        "num_hosp":3,
        "num_uci":0
    },
    {
        "dia_semana":"martes",
        "province":"Alicante\/Alacant",
        "num_def":0,
        "new_cases":96,
        "num_hosp":1,
        "num_uci":0
    },
    {
        "dia_semana":"martes",
        "province":"Almer\u00eda",
        "num_def":5,
        "new_cases":0,
        "num_hosp":9,
        "num_uci":3
    },
    {
        "dia_semana":"martes",
        "province":"Araba\/\u00c1lava",
        "num_def":0,
        "new_cases":107,
        "num_hosp":6,
        "num_uci":0
    },
    {
        "dia_semana":"martes",
        "province":"Asturias",
        "num_def":1,
        "new_cases":132,
        "num_hosp":15,
        "num_uci":3
    },
    {
        "dia_semana":"martes",
        "province":"Badajoz",
        "num_def":1,
        "new_cases":72,
        "num_hosp":7,
        "num_uci":1
    },
    {
        "dia_semana":"martes",
        "province":"Balears, Illes",
        "num_def":0,
        "new_cases":0,
        "num_hosp":8,
        "num_uci":2
    },
    {
        "dia_semana":"martes",
        "province":"Barcelona",
        "num_def":4,
        "new_cases":0,
        "num_hosp":77,
        "num_uci":8
    },
    {
        "dia_semana":"martes",
        "province":"Bizkaia",
        "num_def":9,
        "new_cases":563,
        "num_hosp":40,
        "num_uci":2
    },
    {
        "dia_semana":"martes",
        "province":"Burgos",
        "num_def":0,
        "new_cases":100,
        "num_hosp":13,
        "num_uci":1
    },
    {
        "dia_semana":"martes",
        "province":"Cantabria",
        "num_def":0,
        "new_cases":0,
        "num_hosp":22,
        "num_uci":5
    },
    {
        "dia_semana":"martes",
        "province":"Castell\u00f3n\/Castell\u00f3",
        "num_def":1,
        "new_cases":39,
        "num_hosp":3,
        "num_uci":0
    },
    {
        "dia_semana":"martes",
        "province":"Ceuta",
        "num_def":0,
        "new_cases":1,
        "num_hosp":0,
        "num_uci":0
    },
    {
        "dia_semana":"martes",
        "province":"Ciudad Real",
        "num_def":2,
        "new_cases":0,
        "num_hosp":4,
        "num_uci":1
    },
    {
        "dia_semana":"martes",
        "province":"Coru\u00f1a, A",
        "num_def":0,
        "new_cases":0,
        "num_hosp":13,
        "num_uci":2
    },
    {
        "dia_semana":"martes",
        "province":"Cuenca",
        "num_def":1,
        "new_cases":0,
        "num_hosp":4,
        "num_uci":0
    },
    {
        "dia_semana":"martes",
        "province":"C\u00e1ceres",
        "num_def":0,
        "new_cases":45,
        "num_hosp":3,
        "num_uci":0
    },
    {
        "dia_semana":"martes",
        "province":"C\u00e1diz",
        "num_def":3,
        "new_cases":0,
        "num_hosp":15,
        "num_uci":4
    },
    {
        "dia_semana":"martes",
        "province":"C\u00f3rdoba",
        "num_def":0,
        "new_cases":0,
        "num_hosp":11,
        "num_uci":0
    },
    {
        "dia_semana":"martes",
        "province":"Gipuzkoa",
        "num_def":3,
        "new_cases":371,
        "num_hosp":1,
        "num_uci":0
    },
    {
        "dia_semana":"martes",
        "province":"Girona",
        "num_def":1,
        "new_cases":0,
        "num_hosp":2,
        "num_uci":0
    },
    {
        "dia_semana":"martes",
        "province":"Granada",
        "num_def":5,
        "new_cases":0,
        "num_hosp":38,
        "num_uci":5
    },
    {
        "dia_semana":"martes",
        "province":"Guadalajara",
        "num_def":2,
        "new_cases":0,
        "num_hosp":0,
        "num_uci":0
    },
    {
        "dia_semana":"martes",
        "province":"Huelva",
        "num_def":2,
        "new_cases":0,
        "num_hosp":13,
        "num_uci":0
    },
    {
        "dia_semana":"martes",
        "province":"Huesca",
        "num_def":3,
        "new_cases":53,
        "num_hosp":6,
        "num_uci":2
    },
    {
        "dia_semana":"martes",
        "province":"Ja\u00e9n",
        "num_def":1,
        "new_cases":0,
        "num_hosp":13,
        "num_uci":3
    },
    {
        "dia_semana":"martes",
        "province":"Le\u00f3n",
        "num_def":2,
        "new_cases":79,
        "num_hosp":8,
        "num_uci":0
    },
    {
        "dia_semana":"martes",
        "province":"Lleida",
        "num_def":0,
        "new_cases":0,
        "num_hosp":1,
        "num_uci":0
    },
    {
        "dia_semana":"martes",
        "province":"Lugo",
        "num_def":0,
        "new_cases":0,
        "num_hosp":2,
        "num_uci":0
    },
    {
        "dia_semana":"martes",
        "province":"Madrid",
        "num_def":22,
        "new_cases":0,
        "num_hosp":245,
        "num_uci":26
    },
    {
        "dia_semana":"martes",
        "province":"Melilla",
        "num_def":1,
        "new_cases":0,
        "num_hosp":1,
        "num_uci":0
    },
    {
        "dia_semana":"martes",
        "province":"Murcia",
        "num_def":0,
        "new_cases":92,
        "num_hosp":13,
        "num_uci":2
    },
    {
        "dia_semana":"martes",
        "province":"M\u00e1laga",
        "num_def":1,
        "new_cases":0,
        "num_hosp":23,
        "num_uci":4
    },
    {
        "dia_semana":"martes",
        "province":"Navarra",
        "num_def":4,
        "new_cases":0,
        "num_hosp":12,
        "num_uci":1
    },
    {
        "dia_semana":"martes",
        "province":"Ourense",
        "num_def":1,
        "new_cases":0,
        "num_hosp":2,
        "num_uci":2
    },
    {
        "dia_semana":"martes",
        "province":"Palencia",
        "num_def":2,
        "new_cases":30,
        "num_hosp":3,
        "num_uci":0
    },
    {
        "dia_semana":"martes",
        "province":"Palmas, Las",
        "num_def":0,
        "new_cases":80,
        "num_hosp":7,
        "num_uci":2
    },
    {
        "dia_semana":"martes",
        "province":"Pontevedra",
        "num_def":0,
        "new_cases":0,
        "num_hosp":15,
        "num_uci":0
    },
    {
        "dia_semana":"martes",
        "province":"Rioja, La",
        "num_def":1,
        "new_cases":0,
        "num_hosp":11,
        "num_uci":0
    },
    {
        "dia_semana":"martes",
        "province":"Salamanca",
        "num_def":1,
        "new_cases":49,
        "num_hosp":7,
        "num_uci":0
    },
    {
        "dia_semana":"martes",
        "province":"Santa Cruz de Tenerife",
        "num_def":0,
        "new_cases":159,
        "num_hosp":14,
        "num_uci":2
    },
    {
        "dia_semana":"martes",
        "province":"Segovia",
        "num_def":1,
        "new_cases":52,
        "num_hosp":6,
        "num_uci":2
    },
    {
        "dia_semana":"martes",
        "province":"Sevilla",
        "num_def":5,
        "new_cases":0,
        "num_hosp":39,
        "num_uci":8
    },
    {
        "dia_semana":"martes",
        "province":"Soria",
        "num_def":2,
        "new_cases":13,
        "num_hosp":2,
        "num_uci":0
    },
    {
        "dia_semana":"martes",
        "province":"Tarragona",
        "num_def":1,
        "new_cases":0,
        "num_hosp":4,
        "num_uci":0
    },
    {
        "dia_semana":"martes",
        "province":"Teruel",
        "num_def":0,
        "new_cases":4,
        "num_hosp":1,
        "num_uci":0
    },
    {
        "dia_semana":"martes",
        "province":"Toledo",
        "num_def":7,
        "new_cases":0,
        "num_hosp":17,
        "num_uci":0
    },
    {
        "dia_semana":"martes",
        "province":"Valencia\/Val\u00e8ncia",
        "num_def":0,
        "new_cases":84,
        "num_hosp":8,
        "num_uci":2
    },
    {
        "dia_semana":"martes",
        "province":"Valladolid",
        "num_def":1,
        "new_cases":86,
        "num_hosp":12,
        "num_uci":1
    },
    {
        "dia_semana":"martes",
        "province":"Zamora",
        "num_def":0,
        "new_cases":22,
        "num_hosp":6,
        "num_uci":1
    },
    {
        "dia_semana":"martes",
        "province":"Zaragoza",
        "num_def":4,
        "new_cases":295,
        "num_hosp":29,
        "num_uci":2
    },
    {
        "dia_semana":"martes",
        "province":"\u00c1vila",
        "num_def":0,
        "new_cases":20,
        "num_hosp":2,
        "num_uci":0
    },
    {
        "dia_semana":"mi\u00e9rcoles",
        "province":"Albacete",
        "num_def":0,
        "new_cases":0,
        "num_hosp":1,
        "num_uci":0
    },
    {
        "dia_semana":"mi\u00e9rcoles",
        "province":"Alicante\/Alacant",
        "num_def":0,
        "new_cases":44,
        "num_hosp":2,
        "num_uci":0
    },
    {
        "dia_semana":"mi\u00e9rcoles",
        "province":"Almer\u00eda",
        "num_def":1,
        "new_cases":0,
        "num_hosp":6,
        "num_uci":0
    },
    {
        "dia_semana":"mi\u00e9rcoles",
        "province":"Araba\/\u00c1lava",
        "num_def":1,
        "new_cases":66,
        "num_hosp":0,
        "num_uci":0
    },
    {
        "dia_semana":"mi\u00e9rcoles",
        "province":"Asturias",
        "num_def":0,
        "new_cases":51,
        "num_hosp":11,
        "num_uci":1
    },
    {
        "dia_semana":"mi\u00e9rcoles",
        "province":"Badajoz",
        "num_def":0,
        "new_cases":35,
        "num_hosp":3,
        "num_uci":0
    },
    {
        "dia_semana":"mi\u00e9rcoles",
        "province":"Balears, Illes",
        "num_def":0,
        "new_cases":0,
        "num_hosp":1,
        "num_uci":1
    },
    {
        "dia_semana":"mi\u00e9rcoles",
        "province":"Barcelona",
        "num_def":10,
        "new_cases":0,
        "num_hosp":45,
        "num_uci":6
    },
    {
        "dia_semana":"mi\u00e9rcoles",
        "province":"Bizkaia",
        "num_def":4,
        "new_cases":358,
        "num_hosp":22,
        "num_uci":0
    },
    {
        "dia_semana":"mi\u00e9rcoles",
        "province":"Burgos",
        "num_def":0,
        "new_cases":91,
        "num_hosp":12,
        "num_uci":0
    },
    {
        "dia_semana":"mi\u00e9rcoles",
        "province":"Cantabria",
        "num_def":0,
        "new_cases":0,
        "num_hosp":9,
        "num_uci":2
    },
    {
        "dia_semana":"mi\u00e9rcoles",
        "province":"Castell\u00f3n\/Castell\u00f3",
        "num_def":0,
        "new_cases":17,
        "num_hosp":1,
        "num_uci":0
    },
    {
        "dia_semana":"mi\u00e9rcoles",
        "province":"Ceuta",
        "num_def":1,
        "new_cases":1,
        "num_hosp":0,
        "num_uci":0
    },
    {
        "dia_semana":"mi\u00e9rcoles",
        "province":"Ciudad Real",
        "num_def":0,
        "new_cases":0,
        "num_hosp":0,
        "num_uci":0
    },
    {
        "dia_semana":"mi\u00e9rcoles",
        "province":"Coru\u00f1a, A",
        "num_def":0,
        "new_cases":0,
        "num_hosp":6,
        "num_uci":4
    },
    {
        "dia_semana":"mi\u00e9rcoles",
        "province":"Cuenca",
        "num_def":0,
        "new_cases":0,
        "num_hosp":1,
        "num_uci":1
    },
    {
        "dia_semana":"mi\u00e9rcoles",
        "province":"C\u00e1ceres",
        "num_def":1,
        "new_cases":21,
        "num_hosp":1,
        "num_uci":0
    },
    {
        "dia_semana":"mi\u00e9rcoles",
        "province":"C\u00e1diz",
        "num_def":2,
        "new_cases":0,
        "num_hosp":4,
        "num_uci":0
    },
    {
        "dia_semana":"mi\u00e9rcoles",
        "province":"C\u00f3rdoba",
        "num_def":1,
        "new_cases":0,
        "num_hosp":8,
        "num_uci":2
    },
    {
        "dia_semana":"mi\u00e9rcoles",
        "province":"Gipuzkoa",
        "num_def":1,
        "new_cases":237,
        "num_hosp":0,
        "num_uci":0
    },
    {
        "dia_semana":"mi\u00e9rcoles",
        "province":"Girona",
        "num_def":2,
        "new_cases":0,
        "num_hosp":3,
        "num_uci":0
    },
    {
        "dia_semana":"mi\u00e9rcoles",
        "province":"Granada",
        "num_def":7,
        "new_cases":0,
        "num_hosp":24,
        "num_uci":10
    },
    {
        "dia_semana":"mi\u00e9rcoles",
        "province":"Guadalajara",
        "num_def":0,
        "new_cases":0,
        "num_hosp":0,
        "num_uci":0
    },
    {
        "dia_semana":"mi\u00e9rcoles",
        "province":"Huelva",
        "num_def":2,
        "new_cases":0,
        "num_hosp":13,
        "num_uci":0
    },
    {
        "dia_semana":"mi\u00e9rcoles",
        "province":"Huesca",
        "num_def":0,
        "new_cases":27,
        "num_hosp":2,
        "num_uci":0
    },
    {
        "dia_semana":"mi\u00e9rcoles",
        "province":"Ja\u00e9n",
        "num_def":1,
        "new_cases":0,
        "num_hosp":16,
        "num_uci":2
    },
    {
        "dia_semana":"mi\u00e9rcoles",
        "province":"Le\u00f3n",
        "num_def":0,
        "new_cases":69,
        "num_hosp":4,
        "num_uci":2
    },
    {
        "dia_semana":"mi\u00e9rcoles",
        "province":"Lleida",
        "num_def":0,
        "new_cases":0,
        "num_hosp":1,
        "num_uci":0
    },
    {
        "dia_semana":"mi\u00e9rcoles",
        "province":"Lugo",
        "num_def":1,
        "new_cases":0,
        "num_hosp":0,
        "num_uci":0
    },
    {
        "dia_semana":"mi\u00e9rcoles",
        "province":"Madrid",
        "num_def":11,
        "new_cases":0,
        "num_hosp":143,
        "num_uci":16
    },
    {
        "dia_semana":"mi\u00e9rcoles",
        "province":"Melilla",
        "num_def":1,
        "new_cases":0,
        "num_hosp":2,
        "num_uci":0
    },
    {
        "dia_semana":"mi\u00e9rcoles",
        "province":"Murcia",
        "num_def":0,
        "new_cases":70,
        "num_hosp":8,
        "num_uci":2
    },
    {
        "dia_semana":"mi\u00e9rcoles",
        "province":"M\u00e1laga",
        "num_def":1,
        "new_cases":0,
        "num_hosp":11,
        "num_uci":4
    },
    {
        "dia_semana":"mi\u00e9rcoles",
        "province":"Navarra",
        "num_def":0,
        "new_cases":0,
        "num_hosp":6,
        "num_uci":0
    },
    {
        "dia_semana":"mi\u00e9rcoles",
        "province":"Ourense",
        "num_def":0,
        "new_cases":0,
        "num_hosp":2,
        "num_uci":0
    },
    {
        "dia_semana":"mi\u00e9rcoles",
        "province":"Palencia",
        "num_def":1,
        "new_cases":11,
        "num_hosp":2,
        "num_uci":0
    },
    {
        "dia_semana":"mi\u00e9rcoles",
        "province":"Palmas, Las",
        "num_def":0,
        "new_cases":55,
        "num_hosp":6,
        "num_uci":1
    },
    {
        "dia_semana":"mi\u00e9rcoles",
        "province":"Pontevedra",
        "num_def":0,
        "new_cases":0,
        "num_hosp":7,
        "num_uci":1
    },
    {
        "dia_semana":"mi\u00e9rcoles",
        "province":"Rioja, La",
        "num_def":0,
        "new_cases":0,
        "num_hosp":2,
        "num_uci":0
    },
    {
        "dia_semana":"mi\u00e9rcoles",
        "province":"Salamanca",
        "num_def":0,
        "new_cases":38,
        "num_hosp":2,
        "num_uci":1
    },
    {
        "dia_semana":"mi\u00e9rcoles",
        "province":"Santa Cruz de Tenerife",
        "num_def":0,
        "new_cases":98,
        "num_hosp":3,
        "num_uci":1
    },
    {
        "dia_semana":"mi\u00e9rcoles",
        "province":"Segovia",
        "num_def":0,
        "new_cases":15,
        "num_hosp":2,
        "num_uci":0
    },
    {
        "dia_semana":"mi\u00e9rcoles",
        "province":"Sevilla",
        "num_def":2,
        "new_cases":0,
        "num_hosp":29,
        "num_uci":5
    },
    {
        "dia_semana":"mi\u00e9rcoles",
        "province":"Soria",
        "num_def":0,
        "new_cases":8,
        "num_hosp":0,
        "num_uci":0
    },
    {
        "dia_semana":"mi\u00e9rcoles",
        "province":"Tarragona",
        "num_def":1,
        "new_cases":0,
        "num_hosp":1,
        "num_uci":0
    },
    {
        "dia_semana":"mi\u00e9rcoles",
        "province":"Teruel",
        "num_def":0,
        "new_cases":10,
        "num_hosp":1,
        "num_uci":0
    },
    {
        "dia_semana":"mi\u00e9rcoles",
        "province":"Toledo",
        "num_def":0,
        "new_cases":0,
        "num_hosp":5,
        "num_uci":3
    },
    {
        "dia_semana":"mi\u00e9rcoles",
        "province":"Valencia\/Val\u00e8ncia",
        "num_def":1,
        "new_cases":88,
        "num_hosp":6,
        "num_uci":0
    },
    {
        "dia_semana":"mi\u00e9rcoles",
        "province":"Valladolid",
        "num_def":2,
        "new_cases":45,
        "num_hosp":13,
        "num_uci":0
    },
    {
        "dia_semana":"mi\u00e9rcoles",
        "province":"Zamora",
        "num_def":0,
        "new_cases":19,
        "num_hosp":1,
        "num_uci":0
    },
    {
        "dia_semana":"mi\u00e9rcoles",
        "province":"Zaragoza",
        "num_def":4,
        "new_cases":299,
        "num_hosp":25,
        "num_uci":7
    },
    {
        "dia_semana":"mi\u00e9rcoles",
        "province":"\u00c1vila",
        "num_def":0,
        "new_cases":17,
        "num_hosp":4,
        "num_uci":1
    },
    {
        "dia_semana":"s\u00e1bado",
        "province":"Albacete",
        "num_def":0,
        "new_cases":0,
        "num_hosp":2,
        "num_uci":0
    },
    {
        "dia_semana":"s\u00e1bado",
        "province":"Alicante\/Alacant",
        "num_def":0,
        "new_cases":61,
        "num_hosp":3,
        "num_uci":0
    },
    {
        "dia_semana":"s\u00e1bado",
        "province":"Almer\u00eda",
        "num_def":0,
        "new_cases":0,
        "num_hosp":6,
        "num_uci":2
    },
    {
        "dia_semana":"s\u00e1bado",
        "province":"Araba\/\u00c1lava",
        "num_def":3,
        "new_cases":70,
        "num_hosp":0,
        "num_uci":0
    },
    {
        "dia_semana":"s\u00e1bado",
        "province":"Asturias",
        "num_def":0,
        "new_cases":67,
        "num_hosp":7,
        "num_uci":0
    },
    {
        "dia_semana":"s\u00e1bado",
        "province":"Badajoz",
        "num_def":0,
        "new_cases":50,
        "num_hosp":4,
        "num_uci":0
    },
    {
        "dia_semana":"s\u00e1bado",
        "province":"Balears, Illes",
        "num_def":0,
        "new_cases":0,
        "num_hosp":3,
        "num_uci":0
    },
    {
        "dia_semana":"s\u00e1bado",
        "province":"Barcelona",
        "num_def":4,
        "new_cases":0,
        "num_hosp":38,
        "num_uci":5
    },
    {
        "dia_semana":"s\u00e1bado",
        "province":"Bizkaia",
        "num_def":6,
        "new_cases":321,
        "num_hosp":23,
        "num_uci":2
    },
    {
        "dia_semana":"s\u00e1bado",
        "province":"Burgos",
        "num_def":0,
        "new_cases":81,
        "num_hosp":4,
        "num_uci":1
    },
    {
        "dia_semana":"s\u00e1bado",
        "province":"Cantabria",
        "num_def":0,
        "new_cases":0,
        "num_hosp":9,
        "num_uci":0
    },
    {
        "dia_semana":"s\u00e1bado",
        "province":"Castell\u00f3n\/Castell\u00f3",
        "num_def":0,
        "new_cases":26,
        "num_hosp":1,
        "num_uci":0
    },
    {
        "dia_semana":"s\u00e1bado",
        "province":"Ceuta",
        "num_def":0,
        "new_cases":1,
        "num_hosp":2,
        "num_uci":0
    },
    {
        "dia_semana":"s\u00e1bado",
        "province":"Ciudad Real",
        "num_def":0,
        "new_cases":0,
        "num_hosp":2,
        "num_uci":0
    },
    {
        "dia_semana":"s\u00e1bado",
        "province":"Coru\u00f1a, A",
        "num_def":0,
        "new_cases":0,
        "num_hosp":11,
        "num_uci":0
    },
    {
        "dia_semana":"s\u00e1bado",
        "province":"Cuenca",
        "num_def":0,
        "new_cases":0,
        "num_hosp":0,
        "num_uci":0
    },
    {
        "dia_semana":"s\u00e1bado",
        "province":"C\u00e1ceres",
        "num_def":0,
        "new_cases":16,
        "num_hosp":2,
        "num_uci":0
    },
    {
        "dia_semana":"s\u00e1bado",
        "province":"C\u00e1diz",
        "num_def":1,
        "new_cases":0,
        "num_hosp":8,
        "num_uci":2
    },
    {
        "dia_semana":"s\u00e1bado",
        "province":"C\u00f3rdoba",
        "num_def":1,
        "new_cases":0,
        "num_hosp":4,
        "num_uci":2
    },
    {
        "dia_semana":"s\u00e1bado",
        "province":"Gipuzkoa",
        "num_def":3,
        "new_cases":222,
        "num_hosp":0,
        "num_uci":0
    },
    {
        "dia_semana":"s\u00e1bado",
        "province":"Girona",
        "num_def":3,
        "new_cases":0,
        "num_hosp":2,
        "num_uci":0
    },
    {
        "dia_semana":"s\u00e1bado",
        "province":"Granada",
        "num_def":2,
        "new_cases":0,
        "num_hosp":19,
        "num_uci":5
    },
    {
        "dia_semana":"s\u00e1bado",
        "province":"Guadalajara",
        "num_def":0,
        "new_cases":0,
        "num_hosp":0,
        "num_uci":0
    },
    {
        "dia_semana":"s\u00e1bado",
        "province":"Huelva",
        "num_def":0,
        "new_cases":0,
        "num_hosp":4,
        "num_uci":1
    },
    {
        "dia_semana":"s\u00e1bado",
        "province":"Huesca",
        "num_def":1,
        "new_cases":27,
        "num_hosp":4,
        "num_uci":0
    },
    {
        "dia_semana":"s\u00e1bado",
        "province":"Ja\u00e9n",
        "num_def":1,
        "new_cases":0,
        "num_hosp":14,
        "num_uci":0
    },
    {
        "dia_semana":"s\u00e1bado",
        "province":"Le\u00f3n",
        "num_def":0,
        "new_cases":64,
        "num_hosp":6,
        "num_uci":1
    },
    {
        "dia_semana":"s\u00e1bado",
        "province":"Lleida",
        "num_def":0,
        "new_cases":0,
        "num_hosp":3,
        "num_uci":0
    },
    {
        "dia_semana":"s\u00e1bado",
        "province":"Lugo",
        "num_def":0,
        "new_cases":0,
        "num_hosp":1,
        "num_uci":0
    },
    {
        "dia_semana":"s\u00e1bado",
        "province":"Madrid",
        "num_def":12,
        "new_cases":0,
        "num_hosp":152,
        "num_uci":16
    },
    {
        "dia_semana":"s\u00e1bado",
        "province":"Melilla",
        "num_def":1,
        "new_cases":0,
        "num_hosp":2,
        "num_uci":0
    },
    {
        "dia_semana":"s\u00e1bado",
        "province":"Murcia",
        "num_def":0,
        "new_cases":67,
        "num_hosp":6,
        "num_uci":2
    },
    {
        "dia_semana":"s\u00e1bado",
        "province":"M\u00e1laga",
        "num_def":0,
        "new_cases":0,
        "num_hosp":7,
        "num_uci":1
    },
    {
        "dia_semana":"s\u00e1bado",
        "province":"Navarra",
        "num_def":1,
        "new_cases":0,
        "num_hosp":14,
        "num_uci":2
    },
    {
        "dia_semana":"s\u00e1bado",
        "province":"Ourense",
        "num_def":0,
        "new_cases":0,
        "num_hosp":2,
        "num_uci":0
    },
    {
        "dia_semana":"s\u00e1bado",
        "province":"Palencia",
        "num_def":0,
        "new_cases":27,
        "num_hosp":5,
        "num_uci":0
    },
    {
        "dia_semana":"s\u00e1bado",
        "province":"Palmas, Las",
        "num_def":1,
        "new_cases":63,
        "num_hosp":6,
        "num_uci":0
    },
    {
        "dia_semana":"s\u00e1bado",
        "province":"Pontevedra",
        "num_def":0,
        "new_cases":0,
        "num_hosp":9,
        "num_uci":1
    },
    {
        "dia_semana":"s\u00e1bado",
        "province":"Rioja, La",
        "num_def":1,
        "new_cases":0,
        "num_hosp":9,
        "num_uci":2
    },
    {
        "dia_semana":"s\u00e1bado",
        "province":"Salamanca",
        "num_def":0,
        "new_cases":25,
        "num_hosp":5,
        "num_uci":0
    },
    {
        "dia_semana":"s\u00e1bado",
        "province":"Santa Cruz de Tenerife",
        "num_def":1,
        "new_cases":63,
        "num_hosp":4,
        "num_uci":0
    },
    {
        "dia_semana":"s\u00e1bado",
        "province":"Segovia",
        "num_def":0,
        "new_cases":29,
        "num_hosp":5,
        "num_uci":1
    },
    {
        "dia_semana":"s\u00e1bado",
        "province":"Sevilla",
        "num_def":0,
        "new_cases":0,
        "num_hosp":30,
        "num_uci":2
    },
    {
        "dia_semana":"s\u00e1bado",
        "province":"Soria",
        "num_def":0,
        "new_cases":5,
        "num_hosp":1,
        "num_uci":0
    },
    {
        "dia_semana":"s\u00e1bado",
        "province":"Tarragona",
        "num_def":1,
        "new_cases":0,
        "num_hosp":1,
        "num_uci":0
    },
    {
        "dia_semana":"s\u00e1bado",
        "province":"Teruel",
        "num_def":0,
        "new_cases":10,
        "num_hosp":1,
        "num_uci":0
    },
    {
        "dia_semana":"s\u00e1bado",
        "province":"Toledo",
        "num_def":1,
        "new_cases":0,
        "num_hosp":7,
        "num_uci":1
    },
    {
        "dia_semana":"s\u00e1bado",
        "province":"Valencia\/Val\u00e8ncia",
        "num_def":2,
        "new_cases":81,
        "num_hosp":4,
        "num_uci":1
    },
    {
        "dia_semana":"s\u00e1bado",
        "province":"Valladolid",
        "num_def":0,
        "new_cases":49,
        "num_hosp":4,
        "num_uci":0
    },
    {
        "dia_semana":"s\u00e1bado",
        "province":"Zamora",
        "num_def":0,
        "new_cases":11,
        "num_hosp":1,
        "num_uci":1
    },
    {
        "dia_semana":"s\u00e1bado",
        "province":"Zaragoza",
        "num_def":3,
        "new_cases":223,
        "num_hosp":21,
        "num_uci":3
    },
    {
        "dia_semana":"s\u00e1bado",
        "province":"\u00c1vila",
        "num_def":0,
        "new_cases":10,
        "num_hosp":0,
        "num_uci":0
    },
    {
        "dia_semana":"viernes",
        "province":"Albacete",
        "num_def":0,
        "new_cases":0,
        "num_hosp":5,
        "num_uci":3
    },
    {
        "dia_semana":"viernes",
        "province":"Alicante\/Alacant",
        "num_def":1,
        "new_cases":58,
        "num_hosp":5,
        "num_uci":0
    },
    {
        "dia_semana":"viernes",
        "province":"Almer\u00eda",
        "num_def":7,
        "new_cases":0,
        "num_hosp":26,
        "num_uci":4
    },
    {
        "dia_semana":"viernes",
        "province":"Araba\/\u00c1lava",
        "num_def":1,
        "new_cases":109,
        "num_hosp":2,
        "num_uci":1
    },
    {
        "dia_semana":"viernes",
        "province":"Asturias",
        "num_def":2,
        "new_cases":156,
        "num_hosp":20,
        "num_uci":2
    },
    {
        "dia_semana":"viernes",
        "province":"Badajoz",
        "num_def":0,
        "new_cases":113,
        "num_hosp":6,
        "num_uci":1
    },
    {
        "dia_semana":"viernes",
        "province":"Balears, Illes",
        "num_def":0,
        "new_cases":0,
        "num_hosp":10,
        "num_uci":1
    },
    {
        "dia_semana":"viernes",
        "province":"Barcelona",
        "num_def":13,
        "new_cases":0,
        "num_hosp":109,
        "num_uci":9
    },
    {
        "dia_semana":"viernes",
        "province":"Bizkaia",
        "num_def":12,
        "new_cases":906,
        "num_hosp":65,
        "num_uci":7
    },
    {
        "dia_semana":"viernes",
        "province":"Burgos",
        "num_def":3,
        "new_cases":171,
        "num_hosp":16,
        "num_uci":3
    },
    {
        "dia_semana":"viernes",
        "province":"Cantabria",
        "num_def":0,
        "new_cases":0,
        "num_hosp":34,
        "num_uci":8
    },
    {
        "dia_semana":"viernes",
        "province":"Castell\u00f3n\/Castell\u00f3",
        "num_def":0,
        "new_cases":56,
        "num_hosp":7,
        "num_uci":2
    },
    {
        "dia_semana":"viernes",
        "province":"Ceuta",
        "num_def":3,
        "new_cases":4,
        "num_hosp":3,
        "num_uci":3
    },
    {
        "dia_semana":"viernes",
        "province":"Ciudad Real",
        "num_def":1,
        "new_cases":0,
        "num_hosp":11,
        "num_uci":2
    },
    {
        "dia_semana":"viernes",
        "province":"Coru\u00f1a, A",
        "num_def":1,
        "new_cases":0,
        "num_hosp":17,
        "num_uci":3
    },
    {
        "dia_semana":"viernes",
        "province":"Cuenca",
        "num_def":1,
        "new_cases":0,
        "num_hosp":5,
        "num_uci":0
    },
    {
        "dia_semana":"viernes",
        "province":"C\u00e1ceres",
        "num_def":1,
        "new_cases":81,
        "num_hosp":6,
        "num_uci":2
    },
    {
        "dia_semana":"viernes",
        "province":"C\u00e1diz",
        "num_def":4,
        "new_cases":0,
        "num_hosp":20,
        "num_uci":5
    },
    {
        "dia_semana":"viernes",
        "province":"C\u00f3rdoba",
        "num_def":4,
        "new_cases":0,
        "num_hosp":33,
        "num_uci":6
    },
    {
        "dia_semana":"viernes",
        "province":"Gipuzkoa",
        "num_def":5,
        "new_cases":681,
        "num_hosp":0,
        "num_uci":0
    },
    {
        "dia_semana":"viernes",
        "province":"Girona",
        "num_def":5,
        "new_cases":0,
        "num_hosp":8,
        "num_uci":1
    },
    {
        "dia_semana":"viernes",
        "province":"Granada",
        "num_def":6,
        "new_cases":0,
        "num_hosp":78,
        "num_uci":15
    },
    {
        "dia_semana":"viernes",
        "province":"Guadalajara",
        "num_def":1,
        "new_cases":0,
        "num_hosp":1,
        "num_uci":0
    },
    {
        "dia_semana":"viernes",
        "province":"Huelva",
        "num_def":3,
        "new_cases":0,
        "num_hosp":21,
        "num_uci":2
    },
    {
        "dia_semana":"viernes",
        "province":"Huesca",
        "num_def":0,
        "new_cases":58,
        "num_hosp":1,
        "num_uci":2
    },
    {
        "dia_semana":"viernes",
        "province":"Ja\u00e9n",
        "num_def":1,
        "new_cases":0,
        "num_hosp":23,
        "num_uci":3
    },
    {
        "dia_semana":"viernes",
        "province":"Le\u00f3n",
        "num_def":1,
        "new_cases":101,
        "num_hosp":13,
        "num_uci":3
    },
    {
        "dia_semana":"viernes",
        "province":"Lleida",
        "num_def":1,
        "new_cases":0,
        "num_hosp":1,
        "num_uci":0
    },
    {
        "dia_semana":"viernes",
        "province":"Lugo",
        "num_def":0,
        "new_cases":0,
        "num_hosp":6,
        "num_uci":1
    },
    {
        "dia_semana":"viernes",
        "province":"Madrid",
        "num_def":35,
        "new_cases":0,
        "num_hosp":340,
        "num_uci":41
    },
    {
        "dia_semana":"viernes",
        "province":"Melilla",
        "num_def":1,
        "new_cases":0,
        "num_hosp":6,
        "num_uci":1
    },
    {
        "dia_semana":"viernes",
        "province":"Murcia",
        "num_def":2,
        "new_cases":197,
        "num_hosp":12,
        "num_uci":5
    },
    {
        "dia_semana":"viernes",
        "province":"M\u00e1laga",
        "num_def":1,
        "new_cases":0,
        "num_hosp":19,
        "num_uci":4
    },
    {
        "dia_semana":"viernes",
        "province":"Navarra",
        "num_def":6,
        "new_cases":0,
        "num_hosp":24,
        "num_uci":2
    },
    {
        "dia_semana":"viernes",
        "province":"Ourense",
        "num_def":0,
        "new_cases":0,
        "num_hosp":7,
        "num_uci":1
    },
    {
        "dia_semana":"viernes",
        "province":"Palencia",
        "num_def":0,
        "new_cases":36,
        "num_hosp":6,
        "num_uci":2
    },
    {
        "dia_semana":"viernes",
        "province":"Palmas, Las",
        "num_def":1,
        "new_cases":206,
        "num_hosp":10,
        "num_uci":4
    },
    {
        "dia_semana":"viernes",
        "province":"Pontevedra",
        "num_def":2,
        "new_cases":0,
        "num_hosp":33,
        "num_uci":5
    },
    {
        "dia_semana":"viernes",
        "province":"Rioja, La",
        "num_def":1,
        "new_cases":0,
        "num_hosp":14,
        "num_uci":4
    },
    {
        "dia_semana":"viernes",
        "province":"Salamanca",
        "num_def":1,
        "new_cases":80,
        "num_hosp":10,
        "num_uci":3
    },
    {
        "dia_semana":"viernes",
        "province":"Santa Cruz de Tenerife",
        "num_def":1,
        "new_cases":208,
        "num_hosp":17,
        "num_uci":1
    },
    {
        "dia_semana":"viernes",
        "province":"Segovia",
        "num_def":0,
        "new_cases":47,
        "num_hosp":12,
        "num_uci":1
    },
    {
        "dia_semana":"viernes",
        "province":"Sevilla",
        "num_def":7,
        "new_cases":0,
        "num_hosp":64,
        "num_uci":9
    },
    {
        "dia_semana":"viernes",
        "province":"Soria",
        "num_def":0,
        "new_cases":25,
        "num_hosp":2,
        "num_uci":0
    },
    {
        "dia_semana":"viernes",
        "province":"Tarragona",
        "num_def":1,
        "new_cases":0,
        "num_hosp":3,
        "num_uci":0
    },
    {
        "dia_semana":"viernes",
        "province":"Teruel",
        "num_def":0,
        "new_cases":20,
        "num_hosp":1,
        "num_uci":0
    },
    {
        "dia_semana":"viernes",
        "province":"Toledo",
        "num_def":4,
        "new_cases":0,
        "num_hosp":19,
        "num_uci":1
    },
    {
        "dia_semana":"viernes",
        "province":"Valencia\/Val\u00e8ncia",
        "num_def":3,
        "new_cases":154,
        "num_hosp":13,
        "num_uci":0
    },
    {
        "dia_semana":"viernes",
        "province":"Valladolid",
        "num_def":4,
        "new_cases":78,
        "num_hosp":17,
        "num_uci":4
    },
    {
        "dia_semana":"viernes",
        "province":"Zamora",
        "num_def":1,
        "new_cases":33,
        "num_hosp":3,
        "num_uci":1
    },
    {
        "dia_semana":"viernes",
        "province":"Zaragoza",
        "num_def":4,
        "new_cases":496,
        "num_hosp":50,
        "num_uci":4
    },
    {
        "dia_semana":"viernes",
        "province":"\u00c1vila",
        "num_def":0,
        "new_cases":39,
        "num_hosp":6,
        "num_uci":2
    }
]